,red,green,blue,power
0,0,0,0,693.1162626083878
1,0,0,33,766.7077004826639
2,0,0,66,786.5551573078454
3,0,0,89,891.841359773371
4,0,0,124,674.0778117115921
5,0,0,149,946.9540967641981
6,0,0,170,1200.8498583569406
7,0,0,188,1012.6912181303117
8,0,0,203,1359.7945630036306
9,0,0,218,1180.4135854403755
10,0,0,231,1495.580736543909
11,0,0,243,1660.0717417297728
12,0,0,255,1694.4778102577732
13,0,33,0,397.0656165656387
14,0,33,33,892.9402390438247
15,0,33,66,524.0302668259658
16,0,33,89,602.0763818205957
17,0,33,124,864.5479888490642
18,0,33,149,959.0652385589093
19,0,33,170,851.0104899747711
20,0,33,188,1066.3738988003008
21,0,33,203,792.4079320113315
22,0,33,218,852.7103796124237
23,0,33,231,961.3167558957568
24,0,33,243,1056.1231803902483
25,0,33,255,1132.5799743374187
26,0,66,0,245.5833701901813
27,0,66,33,284.41927348347417
28,0,66,66,319.97169394073416
29,0,66,89,368.9008801804591
30,0,66,124,435.84229390681
31,0,66,149,527.4351941962311
32,0,66,170,614.1213944434613
33,0,66,188,699.7106834771068
34,0,66,203,770.106623014644
35,0,66,218,866.4719936288825
36,0,66,231,977.0745951685692
37,0,66,243,1040.9239346873755
38,0,66,255,1145.626908608099
39,0,89,0,265.58343289526084
40,0,89,33,309.7952142951922
41,0,89,66,345.95665634674924
42,0,89,89,384.27181029906217
43,0,89,124,446.85921535671633
44,0,89,149,548.3530192435302
45,0,89,170,625.7878439352384
46,0,89,188,719.8725438130642
47,0,89,203,797.6286333672521
48,0,89,218,894.5049110698169
49,0,89,231,977.0745951685692
50,0,89,243,1069.3283780196443
51,0,89,255,1200.424778761062
52,0,124,0,310.2772986599443
53,0,124,33,353.105400504224
54,0,124,66,379.1585932315859
55,0,124,89,415.2682560042461
56,0,124,124,499.89472287344626
57,0,124,149,573.8087233477837
58,0,124,170,713.9485092453331
59,0,124,188,754.8166172631952
60,0,124,203,826.7162198035572
61,0,124,218,922.4562024420458
62,0,124,231,998.0601769911505
63,0,124,243,1087.7734513274338
64,0,124,255,1187.7865297813964
65,0,149,0,360.84413573419454
66,0,149,33,451.9745222929936
67,0,149,66,439.7452229299363
68,0,149,89,474.37392188951304
69,0,149,124,560.757589167183
70,0,149,149,625.843213590515
71,0,149,170,712.5457924077516
72,0,149,188,788.4197487170412
73,0,149,203,870.4724827464166
74,0,149,218,1003.6228485465247
75,0,149,231,1037.3097345132744
76,0,149,243,1124.0143369175628
77,0,149,255,1259.1556774935834
78,0,170,0,418.34394904458594
79,0,170,33,454.99159663865544
80,0,170,66,489.6815286624203
81,0,170,89,528.9171974522292
82,0,170,124,596.714292033441
83,0,170,149,681.8135975582784
84,0,170,170,757.8075646980757
85,0,170,188,826.7162198035572
86,0,170,203,913.7922491594408
87,0,170,218,1004.5978232014867
88,0,170,231,1076.4640297318822
89,0,170,243,1162.704424778761
90,0,170,255,1245.2814159292036
91,0,188,0,471.8471337579617
92,0,188,33,518.7031713034633
93,0,188,66,539.2036807644664
94,0,188,89,626.297443156684
95,0,188,124,648.2675632631393
96,0,188,149,724.6821499668215
97,0,188,170,808.3674011149457
98,0,188,188,880.7432970533582
99,0,188,203,942.9254048314309
100,0,188,218,1025.0761061946903
101,0,188,231,1118.1941309255078
102,0,188,243,1200.4778972520908
103,0,188,255,1349.2672566371682
104,0,203,0,530.9554140127389
105,0,203,33,570.7258813641793
106,0,203,66,597.7070063694266
107,0,203,89,621.6835493431238
108,0,203,124,748.4889793750552
109,0,203,149,774.1497080162803
110,0,203,170,854.6735091134314
111,0,203,188,978.1372505641343
112,0,203,203,1025.5858407079645
113,0,203,218,1088.6203691408843
114,0,203,231,1137.2176991150443
115,0,203,243,1245.4467407177942
116,0,203,255,1325.93680856713
117,0,218,0,598.7790851986198
118,0,218,33,640.5095541401273
119,0,218,66,665.5660252156603
120,0,218,89,688.49900464499
121,0,218,124,754.7498341074983
122,0,218,149,837.855246858963
123,0,218,170,914.8520107950272
124,0,218,188,989.307140960977
125,0,218,203,1045.7431176418518
126,0,218,218,1141.295575221239
127,0,218,231,1210.6194690265488
128,0,218,243,1290.2522347110364
129,0,218,255,1373.8560934595982
130,0,231,0,660.9794293297942
131,0,231,33,696.1741284728366
132,0,231,66,731.2748827744846
133,0,231,89,756.2117928075374
134,0,231,124,830.7202265085825
135,0,231,149,897.483631215714
136,0,231,170,960.7220280493739
137,0,231,188,1014.7467150378269
138,0,231,203,1085.5904083528733
139,0,231,218,1162.1432679969914
140,0,231,231,1256.5511748307447
141,0,231,243,1343.8385626410584
142,0,231,255,1409.1556027615507
143,0,243,0,729.2364858887021
144,0,243,33,748.1247511612476
145,0,243,66,791.442601194426
146,0,243,89,819.4334277620395
147,0,243,124,892.4266690262355
148,0,243,149,957.9607010090281
149,0,243,170,1018.3143830464983
150,0,243,188,1101.4388107247146
151,0,243,203,1161.0724714627027
152,0,243,218,1215.6630237600107
153,0,243,231,1310.8754536602637
154,0,243,243,1384.0516859899105
155,0,243,255,1467.1457651119567
156,0,255,0,801.1608564855778
157,0,255,33,840.3662906436629
158,0,255,66,855.7306552227581
159,0,255,89,885.2913330088926
160,0,255,124,948.4900234482147
161,0,255,149,1026.0501747710277
162,0,255,170,1094.3031590124767
163,0,255,188,1139.2062298128403
164,0,255,203,1218.7212955178975
165,0,255,218,1307.6426074257643
166,0,255,231,1391.311736590547
167,0,255,243,1451.3425966899727
168,0,255,255,1527.6998715506934
169,33,0,0,255.25275308478174
170,33,0,33,240.4776436247844
171,33,0,66,277.17293233082705
172,33,0,89,314.325388051121
173,33,0,124,387.7192516916545
174,33,0,149,491.69799637312576
175,33,0,170,575.8216481620738
176,33,0,188,652.3158593231586
177,33,0,203,752.2017252820173
178,33,0,218,847.5759854886519
179,33,0,231,939.8256868557271
180,33,0,243,1022.9466418900984
181,33,0,255,1117.8477876106194
182,33,33,0,261.8760780151254
183,33,33,33,244.54272067928534
184,33,33,66,279.18627277551747
185,33,33,89,325.5474969042986
186,33,33,124,395.8535290995932
187,33,33,149,491.1884647706666
188,33,33,170,569.2475116124751
189,33,33,188,662.4496837262794
190,33,33,203,736.4034505640344
191,33,33,218,841.3483146067415
192,33,33,231,933.6683772783579
193,33,33,243,1028.689765033851
194,33,33,255,1118.2585611892753
195,33,66,0,278.8001061852933
196,33,66,33,263.9256965944272
197,33,66,66,298.5723131357806
198,33,66,89,337.8343949044585
199,33,66,124,418.3069438301636
200,33,66,149,503.4394904458598
201,33,66,170,597.1446262715612
202,33,66,188,681.3341590728124
203,33,66,203,763.3796337255595
204,33,66,218,856.1266920286648
205,33,66,231,941.9477014291404
206,33,66,243,1032.6764302464492
207,33,66,255,1125.3444233066407
208,33,89,0,299.55158537124663
209,33,89,33,285.3250773993808
210,33,89,66,307.23396727111896
211,33,89,89,356.6405731723498
212,33,89,124,431.66873119801807
213,33,89,149,521.8988629827899
214,33,89,170,602.3196355111248
215,33,89,188,699.1701318234097
216,33,89,203,769.5629092196073
217,33,89,218,861.2607830126078
218,33,89,231,954.0963588904128
219,33,89,243,1023.7734011949547
220,33,89,255,1135.0783116538362
221,33,124,0,346.96032904338597
222,33,124,33,322.0952043886038
223,33,124,66,357.18165332389754
224,33,124,89,399.43744195303174
225,33,124,124,470.8072006722986
226,33,124,149,570.1658631518422
227,33,124,170,635.4983410749834
228,33,124,188,718.5666887856669
229,33,124,203,810.4061587470136
230,33,124,218,896.5040038932884
231,33,124,231,997.4621714892488
232,33,124,243,1071.8768250597293
233,33,124,255,1167.7500995531173
234,33,149,0,400.0176936347149
235,33,149,33,371.39925703166466
236,33,149,66,414.23087129588674
237,33,149,89,446.85921535671633
238,33,149,124,520.8104043174378
239,33,149,149,611.5190657347607
240,33,149,170,691.5261435017252
241,33,149,188,755.2928685188463
242,33,149,203,844.4432647644327
243,33,149,218,922.4562024420458
244,33,149,231,1032.1667182868016
245,33,149,243,1156.5364364408654
246,33,149,255,1196.293969293394
247,33,170,0,452.5241086437229
248,33,170,33,424.40228207509625
249,33,170,66,464.1627598407784
250,33,170,89,497.3688401309386
251,33,170,124,565.1205378864953
252,33,170,149,655.4605787098487
253,33,170,170,734.9396097863116
254,33,170,188,803.6735235567353
255,33,170,203,886.4283185840708
256,33,170,218,977.2043010752687
257,33,170,231,1067.7993097955934
258,33,170,243,1136.607379877887
259,33,170,255,1229.5884591556776
260,33,188,0,509.0445859872611
261,33,188,33,484.1192603733522
262,33,188,66,521.2508293157592
263,33,188,89,543.2327700610458
264,33,188,124,616.5605095541401
265,33,188,149,699.7106834771068
266,33,188,170,781.1810501172203
267,33,188,188,855.6927977349143
268,33,188,203,924.617494801115
269,33,188,218,1017.8497478099284
270,33,188,231,1108.6725663716813
271,33,188,243,1199.9681401831938
272,33,188,255,1272.976058768863
273,33,203,0,574.827921790675
274,33,203,33,541.6560509554139
275,33,203,66,576.8408015216527
276,33,203,89,600.8174820844023
277,33,203,124,672.4588422729686
278,33,203,149,748.6674924792072
279,33,203,170,819.2158598106028
280,33,203,188,902.1103393354863
281,33,203,203,981.2389380530974
282,33,203,218,1056.6796460176993
283,33,203,231,1142.264501570727
284,33,203,243,1232.0828355236956
285,33,203,255,1341.1708482676224
286,33,218,0,633.9414314783686
287,33,218,33,608.4345556685981
288,33,218,66,627.7429342297316
289,33,218,89,669.1333775713338
290,33,218,124,728.7268866672564
291,33,218,149,856.6741871267418
292,33,218,170,878.7434184328127
293,33,218,188,979.6230422086542
294,33,218,203,1026.095575221239
295,33,218,218,1119.327463386576
296,33,218,231,1196.346902654867
297,33,218,243,1288.1561131023495
298,33,218,255,1357.5431454110985
299,33,231,0,693.5338611934357
300,33,231,33,674.6795240412262
301,33,231,66,697.1008979519618
302,33,231,89,726.6884897814739
303,33,231,124,793.076718874436
304,33,231,149,861.2607830126078
305,33,231,170,945.9835412795329
306,33,231,188,1012.7080476043002
307,33,231,203,1086.753982300885
308,33,231,218,1165.711251714526
309,33,231,231,1216.8978182944638
310,33,231,243,1318.4067976633032
311,33,231,255,1404.4428710505354
312,33,243,0,765.4857547336755
313,33,243,33,734.3324781031583
314,33,243,66,775.1004158188091
315,33,243,89,794.5706322169623
316,33,243,124,849.6146529221784
317,33,243,149,920.9680130956067
318,33,243,170,997.4621714892488
319,33,243,188,1073.4058932837802
320,33,243,203,1123.5045798486658
321,33,243,218,1214.295070360209
322,33,243,231,1287.7033365784582
323,33,243,243,1363.901920863946
324,33,243,255,1453.0005310674455
325,33,255,0,834.3246471707295
326,33,255,33,816.0127422352004
327,33,255,66,835.3070253052557
328,33,255,89,861.8085294638117
329,33,255,124,932.1394443461335
330,33,255,149,991.899473474625
331,33,255,170,1059.691164107783
332,33,255,188,1138.136448101938
333,33,255,203,1187.1191540197337
334,33,255,218,1277.9609717244125
335,33,255,231,1349.9561888746293
336,33,255,243,1418.7167005929728
337,33,255,255,1511.5634818781255
338,66,0,0,271.54431275428976
339,66,0,33,258.29824871749514
340,66,0,66,283.7588997479326
341,66,0,89,318.96678313945773
342,66,0,124,401.47538808544516
343,66,0,149,496.4814159292036
344,66,0,170,575.7707107788934
345,66,0,188,672.3695738749502
346,66,0,203,751.1492524108643
347,66,0,218,860.8273238065743
348,66,0,231,919.4390125204618
349,66,0,243,1005.1075126095037
350,66,0,255,1129.621664675428
351,66,33,0,286.34409553295
352,66,33,33,258.80771271891035
353,66,33,66,292.9677134011499
354,66,33,89,319.95754278890803
355,66,33,124,406.13261379218824
356,66,33,149,497.8343949044586
357,66,33,170,576.4077154485932
358,66,33,188,672.6412173220684
359,66,33,203,743.5052640891798
360,66,33,218,849.0674216952751
361,66,33,231,936.2994425272101
362,66,33,243,1025.4950889301833
363,66,33,255,1118.3080394672802
364,66,66,0,301.1464968152866
365,66,66,33,278.66448503073457
366,66,66,66,300.1008403361344
367,66,66,89,343.42430005749924
368,66,66,124,422.3830163644405
369,66,66,149,508.55752642986687
370,66,66,170,584.0007077766965
371,66,66,188,671.7409193469894
372,66,66,203,760.9662861693656
373,66,66,218,853.6919877892315
374,66,66,231,930.939989378651
375,66,66,243,1029.527053930894
376,66,66,255,1125.9537188619972
377,66,89,0,319.99999999999994
378,66,89,33,304.15000884486113
379,66,89,66,318.42908318959803
380,66,89,89,358.7261146496815
381,66,89,124,432.10191082802544
382,66,89,149,531.9745222929936
383,66,89,170,595.6951386738621
384,66,89,188,693.5952222959521
385,66,89,203,775.6786409485047
386,66,89,218,866.4336592487723
387,66,89,231,957.6640268990841
388,66,89,243,1050.9330619829225
389,66,89,255,1138.3882816303048
390,66,124,0,364.3150957583263
391,66,124,33,343.9490445859872
392,66,124,66,363.77338463579673
393,66,124,89,400.07078393204745
394,66,124,124,478.4501747091866
395,66,124,149,566.1647350260992
396,66,124,170,650.7294200911223
397,66,124,188,735.8938287989383
398,66,124,203,791.9522229595221
399,66,124,218,896.5436687018848
400,66,124,231,988.4189565909995
401,66,124,243,1071.0469953093195
402,66,124,255,1168.7695234724126
403,66,149,0,410.68247158211335
404,66,149,33,393.35839709850063
405,66,149,66,417.9453145739315
406,66,149,89,449.46651331504904
407,66,149,124,524.3312101910827
408,66,149,149,609.186653686167
409,66,149,170,685.9812422580075
410,66,149,188,773.1304193947974
411,66,149,203,847.5759854886519
412,66,149,218,939.9088535905491
413,66,149,231,1027.5793106499714
414,66,149,243,1112.7504424778763
415,66,149,255,1201.4442477876107
416,66,170,0,469.78813746738024
417,66,170,33,450.48571175794035
418,66,170,66,467.7500110575435
419,66,170,89,501.17990705908386
420,66,170,124,574.7770700636942
421,66,170,149,654.2964568496483
422,66,170,170,740.9572679819516
423,66,170,188,818.5611892752854
424,66,170,203,888.388638173613
425,66,170,218,981.1521104327052
426,66,170,231,1062.1457328673184
427,66,170,243,1145.883185840708
428,66,170,255,1232.0828355236956
429,66,188,0,529.6844713900075
430,66,188,33,501.3790968198505
431,66,188,66,521.8296027603291
432,66,188,89,555.4385809704958
433,66,188,124,616.615057949217
434,66,188,149,700.1893302663009
435,66,188,170,778.7020570670205
436,66,188,188,860.0362880028322
437,66,188,203,936.8505818326623
438,66,188,218,1016.4555953803265
439,66,188,231,1092.82244148489
440,66,188,243,1189.7203539823008
441,66,188,255,1272.8070796460179
442,66,203,0,579.3630573248407
443,66,203,33,558.5454545454546
444,66,203,66,572.2039895616789
445,66,203,89,601.8366805272935
446,66,203,124,676.7477660798017
447,66,203,149,753.3209450491107
448,66,203,170,824.0948504689436
449,66,203,188,900.0716719019599
450,66,203,203,977.4977880021236
451,66,203,218,1067.4313022700119
452,66,203,231,1142.213963366074
453,66,203,243,1223.4711036374902
454,66,203,255,1318.4221012086598
455,66,218,0,654.3254003361939
456,66,218,33,622.220649385119
457,66,218,66,634.9887193098872
458,66,218,89,691.0471134704711
459,66,218,124,742.8804107285118
460,66,218,149,809.7889847378899
461,66,218,170,881.1750132719874
462,66,218,188,949.0836688642096
463,66,218,203,1030.0822936023362
464,66,218,218,1112.799681401832
465,66,218,231,1196.399840700916
466,66,218,243,1263.575947966904
467,66,218,255,1353.405017921147
468,66,231,0,714.0432685926646
469,66,231,33,675.2189684154649
470,66,231,66,703.2158181094351
471,66,231,89,727.7076882243651
472,66,231,124,792.9714664897147
473,66,231,149,891.4073353094722
474,66,231,170,947.4287736683773
475,66,231,188,1000.5645767886377
476,66,231,203,1067.9410593389086
477,66,231,218,1145.7817892221929
478,66,231,231,1255.9858407079646
479,66,231,243,1299.4282679883177
480,66,231,255,1399.9787573021774
481,66,243,0,783.3233056096266
482,66,243,33,756.7883211678832
483,66,243,66,758.3842852718665
484,66,243,89,799.6673008007787
485,66,243,124,865.2994780146863
486,66,243,149,962.7606954829005
487,66,243,170,1004.5978232014867
488,66,243,188,1069.885403300739
489,66,243,203,1151.3883727103798
490,66,243,218,1202.5169255276783
491,66,243,231,1304.4683393070488
492,66,243,243,1372.836534206567
493,66,243,255,1443.7597911227153
494,66,255,0,859.2983232314294
495,66,255,33,816.3779527559054
496,66,255,66,839.3841797911874
497,66,255,89,872.0399946909702
498,66,255,124,929.7146143975931
499,66,255,149,999.5009291213167
500,66,255,170,1055.4733675455673
501,66,255,188,1138.6965178531925
502,66,255,203,1204.6625658273222
503,66,255,218,1266.802371891318
504,66,255,231,1345.699115044248
505,66,255,243,1434.5833517723593
506,66,255,255,1494.2302075496748
507,89,0,0,307.7298659944275
508,89,0,33,278.67680877410226
509,89,0,66,296.0116757330503
510,89,0,89,340.3219529453388
511,89,0,124,418.81645289694825
512,89,0,149,507.4485869709433
513,89,0,170,591.0566588526693
514,89,0,188,668.084579315226
515,89,0,203,758.350734383295
516,89,0,218,853.2200690204406
517,89,0,231,945.4738518715159
518,89,0,243,1028.5077202141308
519,89,0,255,1131.5104857977171
520,89,33,0,304.17691287041134
521,89,33,33,287.85989120339656
522,89,33,66,298.5723131357806
523,89,33,89,338.46371681415934
524,89,33,124,424.8929771802583
525,89,33,149,508.07042378129694
526,89,33,170,587.5679023268159
527,89,33,188,660.4113770071217
528,89,33,203,764.9084313898964
529,89,33,218,858.7126741871267
530,89,33,231,951.2066905615293
531,89,33,243,1043.4265486725665
532,89,33,255,1132.6300884955754
533,89,66,0,324.0334350537349
534,89,66,33,308.25298540468816
535,89,66,66,316.9006235902879
536,89,66,89,360.764331210191
537,89,66,124,434.63045689769564
538,89,66,149,516.1555132911673
539,89,66,170,601.9165597487059
540,89,66,188,686.9701393497014
541,89,66,203,775.6786409485047
542,89,66,218,870.5495088930184
543,89,66,231,957.6640268990841
544,89,66,243,1054.500729991594
545,89,66,255,1134.2596689972563
546,89,89,0,351.5612560813799
547,89,89,33,323.50964089863794
548,89,89,66,337.8045112781955
549,89,89,89,366.434259423111
550,89,89,124,444.29190623617865
551,89,89,149,541.7039723967088
552,89,89,170,622.7302486065646
553,89,89,188,703.2780358327803
554,89,89,203,779.2116788321167
555,89,89,218,874.6657227556302
556,89,89,231,974.483033225678
557,89,89,243,1053.1581043408999
558,89,89,255,1186.661946902655
559,89,124,0,391.3375796178343
560,89,124,33,364.2989827509951
561,89,124,66,377.0533858198063
562,89,124,89,409.68152866242036
563,89,124,124,486.1361525191312
564,89,124,149,573.7833414429159
565,89,124,170,659.2325735782252
566,89,124,188,735.9263847106707
567,89,124,203,827.1893111533867
568,89,124,218,907.4077351978052
569,89,124,231,995.4234138571808
570,89,124,243,1081.194743130227
571,89,124,255,1174.428318584071
572,89,149,0,436.1590517050732
573,89,149,33,409.1176860819955
574,89,149,66,434.7073656270736
575,89,149,89,463.6942675159235
576,89,149,124,529.450170301234
577,89,149,149,618.6534548349996
578,89,149,170,698.938797185467
579,89,149,188,784.8175182481751
580,89,149,203,854.2394478364746
581,89,149,218,954.1807884606876
582,89,149,231,1026.6053097345134
583,89,149,243,1123.454867256637
584,89,149,255,1208.6874944685371
585,89,170,0,492.7388535031847
586,89,170,33,458.08917197452223
587,89,170,66,477.47334896271065
588,89,170,89,512.1019108280254
589,89,170,124,582.4719101123595
590,89,170,149,662.2916574463377
591,89,170,170,748.2240509689409
592,89,170,188,818.524974560899
593,89,170,203,900.5813387603415
594,89,170,218,981.1955223220212
595,89,170,231,1072.8962038757631
596,89,170,243,1160.6654867256639
597,89,170,255,1239.2742720594742
598,89,188,0,536.5842438182864
599,89,188,33,519.2816066531009
600,89,188,66,536.56050955414
601,89,188,89,566.8749446853703
602,89,188,124,637.0835729770384
603,89,188,149,699.2010617120105
604,89,188,170,781.2847283666608
605,89,188,188,859.4504181600956
606,89,188,203,940.4601769911504
607,89,188,218,1023.1612503320641
608,89,188,231,1098.9876106194693
609,89,188,243,1189.2106194690266
610,89,188,255,1280.1132893746958
611,89,203,0,602.8292121909143
612,89,203,33,566.6743342475448
613,89,203,66,579.2861881385166
614,89,203,89,620.7742335088262
615,89,203,124,682.8931652289316
616,89,203,149,757.3984603132467
617,89,203,170,827.1893111533867
618,89,203,188,900.2708204265865
619,89,203,203,980.6424210246881
620,89,203,218,1073.5008849557523
621,89,203,231,1142.925922648022
622,89,203,243,1221.9958401557728
623,89,203,255,1291.2146555157306
624,89,218,0,733.9202760695482
625,89,218,33,638.5278244713793
626,89,218,66,650.2486065646287
627,89,218,89,669.1629800035392
628,89,218,124,757.3984603132467
629,89,218,149,824.0948504689436
630,89,218,170,889.3686678759456
631,89,218,188,964.8420493761615
632,89,218,203,1039.3486725663715
633,89,218,218,1109.1823008849558
634,89,218,231,1198.4919019382248
635,89,218,243,1283.1153199398177
636,89,218,255,1357.093419480462
637,89,231,0,730.7652835530389
638,89,231,33,698.6914399469144
639,89,231,66,717.9617834394903
640,89,231,89,735.3516765460497
641,89,231,124,802.2511282187418
642,89,231,149,878.1559969915497
643,89,231,170,952.6095035837537
644,89,231,188,1050.423395124541
645,89,231,203,1086.100075211255
646,89,231,218,1173.4702731417945
647,89,231,231,1254.567660854943
648,89,231,243,1383.0933309731379
649,89,231,255,1415.398778436753
650,89,243,0,800.1769676591603
651,89,243,33,757.3649515551033
652,89,243,66,772.0769741207697
653,89,243,89,796.5740576889046
654,89,243,124,863.9617716030265
655,89,243,149,1000.4760430031412
656,89,243,170,1016.4106194690265
657,89,243,188,1076.0019468165126
658,89,243,203,1134.6188221760099
659,89,243,218,1224.3823008849556
660,89,243,231,1309.1720139841573
661,89,243,243,1365.6996194353483
662,89,243,255,1465.2363250132767
663,89,255,0,857.7693226562844
664,89,255,33,844.0083174799805
665,89,255,66,847.0288444523094
666,89,255,89,890.8215297450423
667,89,255,124,920.5397991239325
668,89,255,149,1006.0623229461756
669,89,255,170,1086.2442477876107
670,89,255,188,1140.8363201911588
671,89,255,203,1210.1097345132744
672,89,255,218,1356.523586158067
673,89,255,231,1362.0708880923935
674,89,255,243,1458.989291087707
675,89,255,255,1579.9468932554435
676,124,0,0,347.99469261388765
677,124,0,33,328.6478835861825
678,124,0,66,343.9034098447658
679,124,0,89,372.45112781954884
680,124,0,124,446.87898089171966
681,124,0,149,542.7231708396001
682,124,0,170,615.059052505861
683,124,0,188,709.4562668672299
684,124,0,203,800.2477766470511
685,124,0,218,893.9161210405239
686,124,0,231,982.1280361014025
687,124,0,243,1077.0213707358082
688,124,0,255,1154.9063869340062
689,124,33,0,357.1500597054531
690,124,33,33,333.7136791826987
691,124,33,66,344.92238291097254
692,124,33,89,373.05963546274995
693,124,33,124,461.6764718892378
694,124,33,149,539.3229788928714
695,124,33,170,621.2289316522894
696,124,33,188,703.2158181094351
697,124,33,203,798.1383002256337
698,124,33,218,883.2917440934432
699,124,33,231,985.1860372516921
700,124,33,243,1063.8159292035398
701,124,33,255,1163.6724038759348
702,124,66,0,373.4866646025919
703,124,66,33,341.37107474568774
704,124,66,66,363.7894736842105
705,124,66,89,397.3819211038387
706,124,66,124,464.6928214427883
707,124,66,149,556.918041487903
708,124,66,170,620.719309887193
709,124,66,188,709.8403149466978
710,124,66,203,840.9131127234118
711,124,66,218,900.7008849557523
712,124,66,231,972.9970799044333
713,124,66,243,1079.6176991150444
714,124,66,255,1161.1238440776956
715,124,89,0,393.8330900888948
716,124,89,33,361.2419283502875
717,124,89,66,385.20589145915346
718,124,89,89,409.66340837719497
719,124,89,124,479.002079002079
720,124,89,149,571.7703264620012
721,124,89,170,658.4021941077589
722,124,89,188,738.9842505751195
723,124,89,203,811.4255375630476
724,124,89,218,932.1806839800026
725,124,89,231,987.6616651175143
726,124,89,243,1083.1858407079646
727,124,89,255,1173.3569311092429
728,124,124,0,430.10174290011497
729,124,124,33,413.7762639890299
730,124,124,66,421.87350729765586
731,124,124,89,456.0509554140127
732,124,124,124,520.7412977133
733,124,124,149,602.2929936305732
734,124,124,170,675.3085873556607
735,124,124,188,767.5582887227359
736,124,124,203,831.340206185567
737,124,124,218,965.3517387841785
738,124,124,231,1009.873440127445
739,124,124,243,1107.6040883146763
740,124,124,255,1207.0513274336283
741,124,149,0,478.4713375796178
742,124,149,33,449.9960185799602
743,124,149,66,469.2993630573248
744,124,149,89,499.4072370167212
745,124,149,124,556.9426751592356
746,124,149,149,723.2492699761084
747,124,149,170,800.6866345175418
748,124,149,188,811.4614397593027
749,124,149,203,911.0971453861474
750,124,149,218,992.8310401274166
751,124,149,231,1636.2477876106195
752,124,149,243,1134.6690265486725
753,124,149,255,1222.3974512146556
754,124,170,0,533.2766861391397
755,124,170,33,573.834107498341
756,124,170,66,529.4735910820136
757,124,170,89,542.6991639757597
758,124,170,124,678.2465607997523
759,124,170,149,697.1317349376271
760,124,170,170,784.8522385418511
761,124,170,188,851.6156432489826
762,124,170,203,980.0893686678759
763,124,170,218,1079.474406052294
764,124,170,231,1088.69657552429
765,124,170,243,1176.467256637168
766,124,170,255,1265.8388281630305
767,124,188,0,587.593895155939
768,124,188,33,623.2122793824922
769,124,188,66,564.7108790868468
770,124,188,89,599.7982836415111
771,124,188,124,665.0858255176075
772,124,188,149,741.4996682149966
773,124,188,170,809.8606379684112
774,124,188,188,896.5833370204858
775,124,188,203,966.8380303499536
776,124,188,218,1077.1643508275067
777,124,188,231,1143.6924302083794
778,124,188,243,1208.5805309734515
779,124,188,255,1297.331740342493
780,124,203,0,637.0272063702721
781,124,203,33,679.7752908391205
782,124,203,66,623.7770404777704
783,124,203,89,714.4897146648971
784,124,203,124,717.0695452132367
785,124,203,149,789.9836304915276
786,124,203,170,867.9626598239172
787,124,203,188,940.4185655501968
788,124,203,203,1007.2353982300885
789,124,203,218,1151.9490288040354
790,124,203,231,1160.2070888092394
791,124,203,243,1233.156916541287
792,124,203,255,1402.9135321709887
793,124,218,0,769.5629092196073
794,124,218,33,749.6204547465273
795,124,218,66,760.3556735235567
796,124,218,89,708.342917809431
797,124,218,124,833.3053134539662
798,124,218,149,841.5716814159292
799,124,218,170,911.7940096447373
800,124,218,188,989.4822550668201
801,124,218,203,1130.6411788132218
802,124,218,218,1133.7498893707407
803,124,218,231,1287.5893805309736
804,124,218,243,1299.995574633801
805,124,218,255,1376.526818906001
806,124,231,0,773.0311614730876
807,124,231,33,734.3974517784463
808,124,231,66,749.1108555250819
809,124,231,89,776.7322921736053
810,124,231,124,841.4599831880723
811,124,231,149,983.1473698181657
812,124,231,170,969.4721472501218
813,124,231,188,1114.3289526085225
814,124,231,203,1117.7983275076324
815,124,231,218,1267.3121515178336
816,124,231,231,1258.2474774296336
817,124,231,243,1413.7440254912372
818,124,231,255,1420.3088905606937
819,124,243,0,830.8304942259192
820,124,243,33,868.9435498141922
821,124,243,66,891.3678994868164
822,124,243,89,902.5401459854014
823,124,243,124,891.4073353094722
824,124,243,149,964.9274336283187
825,124,243,170,1099.3514135291775
826,124,243,188,1118.2090872892977
827,124,243,203,1164.2336283185841
828,124,243,218,1249.5251582068415
829,124,243,231,1354.6043547530535
830,124,243,243,1393.289374695756
831,124,243,255,1553.75132837407
832,124,255,0,906.6973410609211
833,124,255,33,875.1754347152781
834,124,255,66,953.586692032031
835,124,255,89,977.6275386044866
836,124,255,124,960.2548447040085
837,124,255,149,1096.9001371620725
838,124,255,170,1146.2407645002875
839,124,255,188,1234.9048419934495
840,124,255,203,1229.4252466705013
841,124,255,218,1401.756373937677
842,124,255,231,1379.46366935127
843,124,255,243,1448.2839189308788
844,124,255,255,1531.003717472119
845,149,0,0,394.9044585987261
846,149,0,33,387.2440178689902
847,149,0,66,535.4466654873519
848,149,0,89,500.33790358248564
849,149,0,124,508.0479497500774
850,149,0,149,660.8917197452229
851,149,0,170,742.5189117451891
852,149,0,188,823.4759145397443
853,149,0,203,910.8149721263605
854,149,0,218,999.9663761447595
855,149,0,231,1076.5116587761602
856,149,0,243,1088.8892822373662
857,149,0,255,1189.158001858325
858,149,33,0,410.7551426675514
859,149,33,33,389.31658335913653
860,149,33,66,480.97655904467047
861,149,33,89,429.0445859872611
862,149,33,124,569.171974522293
863,149,33,149,813.2843809439554
864,149,33,170,665.0564034505641
865,149,33,188,746.0862641008626
866,149,33,203,825.7699115044248
867,149,33,218,918.0724810832337
868,149,33,231,1583.604990708787
869,149,33,243,1108.2118677817602
870,149,33,255,1188.7534846674632
871,149,66,0,497.56693366376066
872,149,66,33,977.9209059541713
873,149,66,66,501.0690265486726
874,149,66,89,442.8025477707006
875,149,66,124,506.49681528662416
876,149,66,149,593.6305732484076
877,149,66,170,697.1934170943196
878,149,66,188,836.2523223922852
879,149,66,203,915.1354221986192
880,149,66,218,997.4180418528513
881,149,66,231,1014.3267996991283
882,149,66,243,1168.8212389380533
883,149,66,255,1197.6313343660102
884,149,89,0,518.7720074316553
885,149,89,33,494.24565438542174
886,149,89,66,1010.9554140127389
887,149,89,89,713.8853503184712
888,149,89,124,597.7334453930199
889,149,89,149,1172.639681486397
890,149,89,170,756.7213694873269
891,149,89,188,844.9528865295288
892,149,89,203,927.5116124751162
893,149,89,218,1511.095381348434
894,149,89,231,1606.1023848502277
895,149,89,243,1193.69259357579
896,149,89,255,1201.4442477876107
897,149,124,0,813.7939576237449
898,149,124,33,1022.7203963374176
899,149,124,66,479.02326815889586
900,149,124,89,573.1977001326846
901,149,124,124,1125.7544790975446
902,149,124,149,637.508626028488
903,149,124,170,817.8343949044586
904,149,124,188,1373.5521833384946
905,149,124,203,1428.596204043711
906,149,124,218,1529.068224050969
907,149,124,231,1132.5799743374187
908,149,124,243,1721.8541638995882
909,149,124,255,1822.4621647933445
910,149,149,0,1118.0606918517205
911,149,149,33,1070.6679642572767
912,149,149,66,602.3196355111248
913,149,149,89,1104.252665103729
914,149,149,124,1161.8348299199363
915,149,149,149,1244.4963503649635
916,149,149,170,1326.5454545454545
917,149,149,188,1411.714740753849
918,149,149,203,1494.1640853172848
919,149,149,218,1576.4693389965491
920,149,149,231,1675.423211362329
921,149,149,243,1763.6764510559174
922,149,149,255,1819.0546999468934
923,149,170,0,1132.9393027782694
924,149,170,33,1139.973458373883
925,149,170,66,1142.6225446823573
926,149,170,89,1153.2740544127405
927,149,170,124,1217.378688016986
928,149,170,149,1296.5351265262786
929,149,170,170,1379.729227501991
930,149,170,188,1476.504888731584
931,149,170,203,1526.0776071855228
932,149,170,218,1619.2832492699763
933,149,170,231,1687.6562983938766
934,149,170,243,1809.717674130454
935,149,170,255,1885.424538737224
936,149,188,0,1261.3138686131388
937,149,188,33,1192.409430707303
938,149,188,66,1188.2802547770698
939,149,188,89,1193.639782329779
940,149,188,124,1269.9212598425195
941,149,188,149,1315.901610334454
942,149,188,170,1422.0334483674012
943,149,188,188,1490.1340411413405
944,149,188,203,1572.3918237324133
945,149,188,218,1684.1628318584071
946,149,188,231,1715.4084432250643
947,149,188,243,1827.559961058501
948,149,188,255,1921.4444395273708
949,149,203,0,1318.5081626332787
950,149,203,33,1234.8681649265618
951,149,203,66,1219.5248838752489
952,149,203,89,1262.8427339084274
953,149,203,124,1317.998495774897
954,149,203,149,1383.8679704437857
955,149,203,170,1468.9248739049642
956,149,203,188,1540.2813910273428
957,149,203,203,1616.5111956810338
958,149,203,218,1704.2687082356065
959,149,203,231,1791.524163568773
960,149,203,243,1351.3659896455595
961,149,203,255,1959.0067720090294
962,149,218,0,1373.10326519777
963,149,218,33,1298.6311551563952
964,149,218,66,1314.3145321831453
965,149,218,89,1329.7208335176747
966,149,218,124,1374.5107060697221
967,149,218,149,1455.1686288395147
968,149,218,170,1524.0387593469316
969,149,218,188,1605.0829609309324
970,149,218,203,1678.5557522123895
971,149,218,218,1755.4479890270343
972,149,218,231,1840.2230187176422
973,149,218,243,1901.5572573148597
974,149,218,255,1983.13050404921
975,149,231,0,1368.4555147546785
976,149,231,33,1344.441691735976
977,149,231,66,1360.8707194053625
978,149,231,89,1374.0618501968763
979,149,231,124,1431.7146144994244
980,149,231,149,1506.6418900982214
981,149,231,170,1580.0371648526682
982,149,231,188,1657.583292774656
983,149,231,203,1726.470796460177
984,149,231,218,1793.246017699115
985,149,231,231,1878.70419543282
986,149,231,243,1946.5970347421994
987,149,231,255,2047.5468023899093
988,149,243,0,1506.7085527189063
989,149,243,33,1426.4313205043131
990,149,243,66,1434.9026548672568
991,149,243,89,1440.8919564640298
992,149,243,124,1486.6982258992168
993,149,243,149,1558.1894606433343
994,149,243,170,1635.59331032652
995,149,243,188,1685.256869772999
996,149,243,203,1771.4842021417826
997,149,243,218,1847.2778761061948
998,149,243,231,1943.7897159040624
999,149,243,243,2019.3264592645041
1000,149,243,255,2095.889537971322
1001,149,255,0,1561.8265486725663
1002,149,255,33,1496.8915630668496
1003,149,255,66,1497.9771701619327
1004,149,255,89,1509.4152538621574
1005,149,255,124,1551.4945580037165
1006,149,255,149,1619.2832492699763
1007,149,255,170,1703.3820015927795
1008,149,255,188,1761.0548205831599
1009,149,255,203,1823.401035444046
1010,149,255,218,1904.9621664675426
1011,149,255,231,2009.5512877245776
1012,149,255,243,2078.6474883823853
1013,149,255,255,2149.067245119306
1014,170,0,0,1018.1792444483764
1015,170,0,33,461.18729540829867
1016,170,0,66,1021.7464389984958
1017,170,0,89,1029.3448931746805
1018,170,0,124,1108.28025477707
1019,170,0,149,1195.0630391506302
1020,170,0,170,1266.9757565032737
1021,170,0,188,1349.3269613699722
1022,170,0,203,1443.8862097951599
1023,170,0,218,1549.3872494801574
1024,170,0,231,1633.843702982565
1025,170,0,243,1737.531191929918
1026,170,0,255,1798.853097345133
1027,170,33,0,1033.4672210917454
1028,170,33,33,1027.7707006369426
1029,170,33,66,1017.5346101110179
1030,170,33,89,1048.1992303268898
1031,170,33,124,1102.263115986906
1032,170,33,149,1189.6150783116539
1033,170,33,170,1251.6310550763105
1034,170,33,188,1368.8440610484404
1035,170,33,203,1447.8994868164928
1036,170,33,218,1510.142901384772
1037,170,33,231,1633.4822811131264
1038,170,33,243,1724.941592920354
1039,170,33,255,1291.5575620767495
1040,170,66,0,1048.7088070066793
1041,170,66,33,1036.9426751592357
1042,170,66,66,1027.8976719483048
1043,170,66,89,1060.4290706418367
1044,170,66,124,1108.9860201734207
1045,170,66,149,1186.3994691439948
1046,170,66,170,1278.7541476795116
1047,170,66,188,1359.9433427762037
1048,170,66,203,1434.1390904264733
1049,170,66,218,1535.1844969471729
1050,170,66,231,1631.587982832618
1051,170,66,243,1730.3714197175614
1052,170,66,255,1798.7887373826811
1053,170,89,0,1124.6854817305139
1054,170,89,33,1049.1719745222929
1055,170,89,66,1054.8237271641528
1056,170,89,89,1077.754677754678
1057,170,89,124,1135.946914399469
1058,170,89,149,1206.3280835250398
1059,170,89,170,1277.7913458985931
1060,170,89,188,1381.8291226051945
1061,170,89,203,1457.0730844098389
1062,170,89,218,1550.5437812486173
1063,170,89,231,1628.457658614282
1064,170,89,243,1736.5886465200656
1065,170,89,255,1820.261946902655
1066,170,124,0,1103.8407431984074
1067,170,124,33,1083.4079447934175
1068,170,124,66,1079.9840729106756
1069,170,124,89,1119.0303888176227
1070,170,124,124,1168.9171974522292
1071,170,124,149,1244.441298770238
1072,170,124,170,1329.0347695302132
1073,170,124,188,1406.108653335693
1074,170,124,203,1496.825340647673
1075,170,124,218,1569.7739238154227
1076,170,124,231,1654.0153090571214
1077,170,124,243,1749.795972560301
1078,170,124,255,1821.1745961495906
1079,170,149,0,1144.5092228070953
1080,170,149,33,1146.3421972479093
1081,170,149,66,1133.4489470890107
1082,170,149,89,1157.8094311244802
1083,170,149,124,1211.156619045513
1084,170,149,149,1280.6794956867948
1085,170,149,170,1374.5107060697221
1086,170,149,188,1446.564865223742
1087,170,149,203,1521.7979118740045
1088,170,149,218,1631.6601769911506
1089,170,149,231,1682.5591787973983
1090,170,149,243,1781.600955794504
1091,170,149,255,1876.1550716941051
1092,170,170,0,1252.2514710436667
1093,170,170,33,1190.4237812970007
1094,170,170,66,1185.3277890825445
1095,170,170,89,1209.3859493894888
1096,170,170,124,1266.4661121925321
1097,170,170,149,1333.621162523224
1098,170,170,170,1396.5489779665515
1099,170,170,188,1486.1885590408353
1100,170,170,203,1556.0817626758694
1101,170,170,218,1654.5250210167692
1102,170,170,231,1715.91822285158
1103,170,170,243,1813.7156511350058
1104,170,170,255,1906.744556558683
1105,170,188,0,1294.0441534309603
1106,170,188,33,1238.380889183809
1107,170,188,66,1235.2138718096164
1108,170,188,89,1261.027388168665
1109,170,188,124,1291.9483277296054
1110,170,188,149,1371.5499690183233
1111,170,188,170,1455.0988806795558
1112,170,188,188,1529.032086744855
1113,170,188,203,1583.305455993628
1114,170,188,218,1693.4129828753485
1115,170,188,231,1779.209629596849
1116,170,188,243,1853.804824076123
1117,170,188,255,1949.9933619507012
1118,170,203,0,1361.3201787373357
1119,170,203,33,1282.8314825465645
1120,170,203,66,1300.6698225899215
1121,170,203,89,1299.5929923907274
1122,170,203,124,1328.1330737922492
1123,170,203,149,1424.0722059994694
1124,170,203,170,1505.3126244524094
1125,170,203,188,1568.3836998362906
1126,170,203,203,1656.637168141593
1127,170,203,218,1743.7246139551348
1128,170,203,231,1809.1278375149343
1129,170,203,243,1908.6993848740983
1130,170,203,255,1979.5618887462936
1131,170,218,0,1417.4462436952483
1132,170,218,33,1320.881181987083
1133,170,218,66,1344.9513360467174
1134,170,218,89,1361.3804088133795
1135,170,218,124,1418.4656225112824
1136,170,218,149,1481.667109105389
1137,170,218,170,1534.8785344484268
1138,170,218,188,1633.1893805309737
1139,170,218,203,1698.4353982300886
1140,170,218,218,1774.3858407079647
1141,170,218,231,1865.7934330471724
1142,170,218,243,1951.6091343600638
1143,170,218,255,2034.2007434944235
1144,170,231,0,1490.9734513274338
1145,170,231,33,969.4292540483144
1146,170,231,66,859.792828685259
1147,170,231,89,1435.2218732026722
1148,170,231,124,1469.304547867634
1149,170,231,149,1521.9999115083406
1150,170,231,170,1613.7480642449448
1151,170,231,188,1680.2336489954864
1152,170,231,203,1725.6040357553766
1153,170,231,218,1842.0990221671607
1154,170,231,231,1906.6601761295747
1155,170,231,243,1984.150108421472
1156,170,231,255,2080.3185981680604
1157,170,243,0,1554.6214769257997
1158,170,243,33,1483.2618025751074
1159,170,243,66,1443.5681415929205
1160,170,243,89,1499.4398973587577
1161,170,243,124,1515.682180145107
1162,170,243,149,1589.211574196974
1163,170,243,170,1663.2637168141594
1164,170,243,188,1732.0012388832354
1165,170,243,203,1808.5380530973453
1166,170,243,218,1875.9890255774849
1167,170,243,231,1977.012877815639
1168,170,243,243,2043.7969641987875
1169,170,243,255,2130.1420668289443
1170,170,255,0,1625.0336283185843
1171,170,255,33,1031.5657213644206
1172,170,255,66,1555.9440806936825
1173,170,255,89,1553.0923410468565
1174,170,255,124,1603.2700729927008
1175,170,255,149,1644.7677196708257
1176,170,255,170,1727.337403769578
1177,170,255,188,1805.0497809637593
1178,170,255,203,1849.1155378486055
1179,170,255,218,1935.1234622532968
1180,170,255,231,2023.9146789396823
1181,170,255,243,2094.4527550342996
1182,170,255,255,2179.597256030095
1183,188,0,0,1127.4828547409409
1184,188,0,33,1088.9171974522292
1185,188,0,66,1089.936305732484
1186,188,0,89,1093.9643504798976
1187,188,0,124,601.8100588313355
1188,188,0,149,1252.5394789224576
1189,188,0,170,1329.211166659293
1190,188,0,188,1397.9543443638295
1191,188,0,203,1488.161387365068
1192,188,0,218,1571.3029243905676
1193,188,0,231,1655.3979560235366
1194,188,0,243,1771.758771735764
1195,188,0,255,1830.1898482099393
1196,188,33,0,1112.6027518470999
1197,188,33,33,1081.6566371681415
1198,188,33,66,1094.4738820823566
1199,188,33,89,1118.011235458044
1200,188,33,124,1172.9417488610732
1201,188,33,149,1246.4245587649843
1202,188,33,170,1322.4684804246847
1203,188,33,188,1394.2634698752543
1204,188,33,203,1484.725245553491
1205,188,33,218,1569.7739238154227
1206,188,33,231,1672.290947703743
1207,188,33,243,1751.3702933498519
1208,188,33,255,1847.787610619469
1209,188,66,0,1163.9246217818277
1210,188,66,33,1108.2312353487548
1211,188,66,66,1095.5898615473084
1212,188,66,89,1116.8932725905613
1213,188,66,124,1180.6891670721457
1214,188,66,149,1253.6140847562594
1215,188,66,170,1324.5069674850695
1216,188,66,188,1404.7040084948235
1217,188,66,203,1476.570215025219
1218,188,66,218,998.3932047425235
1219,188,66,231,1640.1805149986728
1220,188,66,243,1761.4086625669158
1221,188,66,255,1857.9823008849557
1222,188,89,0,1169.9880567965674
1223,188,89,33,1081.1782397169393
1224,188,89,66,1114.9537753793072
1225,188,89,89,1144.7624104061588
1226,188,89,124,1205.605095541401
1227,188,89,149,1267.7707006369426
1228,188,89,170,1346.9303251493031
1229,188,89,188,1400.9502322495023
1230,188,89,203,1522.8172004954877
1231,188,89,218,1593.6416338452007
1232,188,89,231,1684.088314676342
1233,188,89,243,1766.3456090651557
1234,188,89,255,1863.6718438868975
1235,188,124,0,1180.6891670721457
1236,188,124,33,1155.7199097624627
1237,188,124,66,1157.7070063694266
1238,188,124,89,1187.2086337299306
1239,188,124,124,1233.7397151198797
1240,188,124,149,1301.5739880557398
1241,188,124,170,1366.356397097859
1242,188,124,188,1445.2873258128734
1243,188,124,203,1531.0392425784187
1244,188,124,218,1623.2889439454939
1245,188,124,231,1132.3708785129454
1246,188,124,243,1819.2424778761062
1247,188,124,255,1868.8521108062662
1248,188,149,0,1261.5371001283129
1249,188,149,33,1199.6496350364962
1250,188,149,66,1180.1795903923564
1251,188,149,89,1227.5159235668789
1252,188,149,124,1287.1337579617834
1253,188,149,149,1329.4855575706638
1254,188,149,170,1423.373589913736
1255,188,149,188,945.9835412795329
1256,188,149,203,1567.2255895235146
1257,188,149,218,1668.2872439272599
1258,188,149,231,1737.175221238938
1259,188,149,243,1842.6087341268087
1260,188,149,255,1913.1182795698924
1261,188,170,0,1306.496815286624
1262,188,170,33,1257.6908785278245
1263,188,170,66,1253.1599203715994
1264,188,170,89,1259.2196761921612
1265,188,170,124,1328.5251703087674
1266,188,170,149,1388.2096881220968
1267,188,170,170,1458.5374917053748
1268,188,170,188,1529.7450424929177
1269,188,170,203,1597.7349141744826
1270,188,170,218,1689.0359686767242
1271,188,170,231,1773.8761061946905
1272,188,170,243,1851.4376742333732
1273,188,170,255,1947.2720031859817
1274,188,188,0,1383.9490445859872
1275,188,188,33,1295.796178343949
1276,188,188,66,1283.2276045122762
1277,188,188,89,1317.3139874369635
1278,188,188,124,1361.0191082802548
1279,188,188,149,1432.9930107051225
1280,188,188,170,1501.7889056002832
1281,188,188,188,1571.3724449163792
1282,188,188,203,1620.230942795204
1283,188,188,218,1730.0389380530974
1284,188,188,231,1808.0283185840708
1285,188,188,243,1890.0119463740543
1286,188,188,255,1980.7729425826728
1287,188,203,0,1424.8394231619923
1288,188,203,33,1345.4014598540145
1289,188,203,66,1356.0435282668318
1290,188,203,89,1351.2778097217924
1291,188,203,124,1413.5657097359224
1292,188,203,149,1475.9299239072732
1293,188,203,170,1556.5225854975001
1294,188,203,188,1631.8088918380888
1295,188,203,203,1699.3044863286434
1296,188,203,218,1755.8800106185295
1297,188,203,231,1867.1575221238938
1298,188,203,243,1946.5899738949604
1299,188,203,255,1998.6690265486727
1300,188,218,0,1483.0649442576535
1301,188,218,33,1406.4938511899495
1302,188,218,66,1392.8579012564148
1303,188,218,89,1417.1954348403078
1304,188,218,124,887.172999513425
1305,188,218,149,948.4480622898602
1306,188,218,170,1015.3013007698435
1307,188,218,188,1083.089992036103
1308,188,218,203,1147.2093434790302
1309,188,218,218,1227.8417839129281
1310,188,218,231,1312.566371681416
1311,188,218,243,1382.0737266008762
1312,188,218,255,1449.2393468737555
1313,188,231,0,933.7509954871251
1314,188,231,33,879.1364360290215
1315,188,231,66,881.6066531009466
1316,188,231,89,895.9546982834897
1317,188,231,124,946.3676177836762
1318,188,231,149,1000.0548648289899
1319,188,231,170,1069.2917847025494
1320,188,231,188,1162.5547736024432
1321,188,231,203,1210.458788656373
1322,188,231,218,1285.8918296892978
1323,188,231,231,1344.7391477499004
1324,188,231,243,1440.127444906629
1325,188,231,255,1505.889016727144
1326,188,243,0,956.5600530856005
1327,188,243,33,910.7082152974504
1328,188,243,66,934.0953729098469
1329,188,243,89,957.4945813243685
1330,188,243,124,1010.2491040219459
1331,188,243,149,1058.9471821640273
1332,188,243,170,1105.5163259888504
1333,188,243,188,1186.047252455535
1334,188,243,203,1259.4425272099813
1335,188,243,218,1336.9744701561879
1336,188,243,231,1396.2863970262856
1337,188,243,243,1455.4208337020975
1338,188,243,255,1533.9268961855032
1339,188,255,0,1018.3143830464983
1340,188,255,33,994.4040350411468
1341,188,255,66,998.9912397132997
1342,188,255,89,1023.501614972789
1343,188,255,124,1062.6553997257
1344,188,255,149,1117.9961941850686
1345,188,255,170,1179.4734746250167
1346,188,255,188,1241.0937085213698
1347,188,255,203,1303.2758162994426
1348,188,255,218,1386.864879214229
1349,188,255,231,1451.0896698238469
1350,188,255,243,1533.7911504424778
1351,188,255,255,1608.0584200044257
1352,203,0,0,562.5477707006369
1353,203,0,33,542.1656050955413
1354,203,0,66,558.397240281279
1355,203,0,89,593.3834852641827
1356,203,0,124,650.2198434113328
1357,203,0,149,720.0
1358,203,0,170,800.0707776696452
1359,203,0,188,871.4532183145321
1360,203,0,203,964.7140013271401
1361,203,0,218,1044.8632864348288
1362,203,0,231,1120.757421581206
1363,203,0,243,1189.1053889036368
1364,203,0,255,1302.7661268914258
1365,203,33,0,571.6944579592198
1366,203,33,33,551.7739153509353
1367,203,33,66,592.5066336458518
1368,203,33,89,572.2039895616789
1369,203,33,124,640.9624060150375
1370,203,33,149,725.0634702994383
1371,203,33,170,791.917190126515
1372,203,33,188,876.1173295580232
1373,203,33,203,935.748351988674
1374,203,33,218,1040.785771170693
1375,203,33,231,1116.6800867141528
1376,203,33,243,1208.4201212228465
1377,203,33,255,1262.5006636580833
1378,203,66,0,585.4518112256181
1379,203,66,33,554.3703834756071
1380,203,66,66,575.2866242038216
1381,203,66,89,642.5193507010482
1382,203,66,124,658.3730702879639
1383,203,66,149,727.0422659880504
1384,203,66,170,799.6319235533534
1385,203,66,188,871.9242678934795
1386,203,66,203,948.406104844061
1387,203,66,218,1038.655105291099
1388,203,66,231,1116.1210405238012
1389,203,66,243,1210.673038630028
1390,203,66,255,1287.0796460176991
1391,203,89,0,600.1168451801362
1392,203,89,33,620.6369426751593
1393,203,89,66,585.4518112256181
1394,203,89,89,613.0207457867032
1395,203,89,124,670.6029106029106
1396,203,89,149,740.8589499756735
1397,203,89,170,803.5668789808916
1398,203,89,188,883.7232348256946
1399,203,89,203,962.2948207171314
1400,203,89,218,1061.220299986726
1401,203,89,231,1127.9426599415983
1402,203,89,243,1233.6121067303861
1403,203,89,255,1299.2634560906515
1404,203,124,0,633.6
1405,203,124,33,605.833075323986
1406,203,124,66,623.1571498075988
1407,203,124,89,651.6909195453139
1408,203,124,124,705.7949217022029
1409,203,124,149,772.0086698810103
1410,203,124,170,843.8589817313222
1411,203,124,188,923.4754910635287
1412,203,124,203,981.6617998407221
1413,203,124,218,1066.732734592753
1414,203,124,231,1173.7627748528955
1415,203,124,243,1234.977435625166
1416,203,124,255,1322.1343243960712
1417,203,149,0,677.7369841199628
1418,203,149,33,654.3254003361939
1419,203,149,66,667.5454505241739
1420,203,149,89,684.9619536365245
1421,203,149,124,760.7979829256425
1422,203,149,149,813.7939576237449
1423,203,149,170,878.5490577722728
1424,203,149,188,942.2906436629064
1425,203,149,203,1021.3723841967878
1426,203,149,218,1090.2256437483409
1427,203,149,231,1190.7398230088495
1428,203,149,243,1266.124507765143
1429,203,149,255,1340.9928324926998
1430,203,170,0,727.7076882243651
1431,203,170,33,695.0933380518446
1432,203,170,66,710.8594683062768
1433,203,170,89,739.559331032652
1434,203,170,124,791.4075909050694
1435,203,170,149,849.5394824153948
1436,203,170,170,918.379047956114
1437,203,170,188,977.9641672196416
1438,203,170,203,1063.2121051234406
1439,203,170,218,1132.0201752057342
1440,203,170,231,1222.2352004247412
1441,203,170,243,1288.5518339896464
1442,203,170,255,1384.6227375315307
1443,203,188,0,767.0140333790782
1444,203,188,33,743.9490445859872
1445,203,188,66,762.735072976559
1446,203,188,89,778.6676103689285
1447,203,188,124,838.2907192780677
1448,203,188,149,886.1930460939574
1449,203,188,170,957.7487721782222
1450,203,188,188,1019.3788160339794
1451,203,188,203,1097.2156602521566
1452,203,188,218,1155.4658879745157
1453,203,188,231,1243.1324661534377
1454,203,188,243,1337.033628318584
1455,203,188,255,1418.591150442478
1456,203,203,0,821.9108280254777
1457,203,203,33,800.5803768910909
1458,203,203,66,797.0484406104844
1459,203,203,89,836.8359582374801
1460,203,203,124,865.2994780146863
1461,203,203,149,935.1559389515594
1462,203,203,170,989.8046857699632
1463,203,203,188,1070.810069459806
1464,203,203,203,1131.9200141567865
1465,203,203,218,1214.1338878810673
1466,203,203,231,1292.119817707181
1467,203,203,243,1390.6788211346138
1468,203,203,255,1456.3759458383115
1469,203,218,0,875.4527358782677
1470,203,218,33,854.0882951428823
1471,203,218,66,856.0888220462688
1472,203,218,89,890.2698398655223
1473,203,218,124,938.847889567295
1474,203,218,149,976.3921082898345
1475,203,218,170,1058.1152110432706
1476,203,218,188,1119.5256007434616
1477,203,218,203,1196.803681253042
1478,203,218,218,1271.731339321269
1479,203,218,231,1341.621238938053
1480,203,218,243,1403.4103585657372
1481,203,218,255,1508.195096043197
1482,203,231,0,933.6270736562707
1483,203,231,33,907.0866141732283
1484,203,231,66,950.4866395328261
1485,203,231,89,945.8579960185799
1486,203,231,124,975.9256801592568
1487,203,231,149,1045.836393399106
1488,203,231,170,1103.4287483962307
1489,203,231,188,1172.7953278470932
1490,203,231,203,1234.977435625166
1491,203,231,218,1293.1392416264766
1492,203,231,231,1399.7929111907606
1493,203,231,243,1452.4907063197027
1494,203,231,255,1522.2693277868743
1495,203,243,0,1046.6702071163036
1496,203,243,33,979.1133528006371
1497,203,243,66,979.5363652450893
1498,203,243,89,993.2528201725281
1499,203,243,124,1024.8040343271696
1500,203,243,149,1089.7159543403238
1501,203,243,170,1161.0724714627027
1502,203,243,188,1227.332094504911
1503,203,243,203,1284.8133073792249
1504,203,243,218,1355.4440461967342
1505,203,243,231,1436.7497233901306
1506,203,243,243,1492.161898857497
1507,203,243,255,1571.5115044247789
1508,203,255,0,1065.2596166615022
1509,203,255,33,1029.9455872594558
1510,203,255,66,1041.2493916736717
1511,203,255,89,1063.2591478253175
1512,203,255,124,1113.0631746593524
1513,203,255,149,1155.4147679511568
1514,203,255,170,1217.6479957525883
1515,203,255,188,1278.7541476795116
1516,203,255,203,1344.2888751216922
1517,203,255,218,1401.831939466348
1518,203,255,231,1496.7792184803293
1519,203,255,243,1560.1062511067826
1520,203,255,255,1636.2448546009828
1521,218,0,0,628.1968953164389
1522,218,0,33,609.8553801247181
1523,218,0,66,625.7601627814394
1524,218,0,89,648.6911133719644
1525,218,0,124,711.3375796178343
1526,218,0,149,794.3597682338892
1527,218,0,170,843.7470145953117
1528,218,0,188,927.9391338965806
1529,218,0,203,1001.3624701406704
1530,218,0,218,1083.59968144412
1531,218,0,231,1158.4727691014466
1532,218,0,243,1258.0804460374352
1533,218,0,255,1320.0371632084236
1534,218,33,0,630.2905922420275
1535,218,33,33,612.5111691069137
1536,218,33,66,623.1847133757962
1537,218,33,89,641.7557522123894
1538,218,33,124,702.6130030959752
1539,218,33,149,781.6906267970097
1540,218,33,170,842.3675130496327
1541,218,33,188,921.8649915951517
1542,218,33,203,999.8336724763337
1543,218,33,218,1065.6662537603966
1544,218,33,231,1157.6070796460178
1545,218,33,243,1241.768219832736
1546,218,33,255,1336.701332035226
1547,218,66,0,647.7006104574007
1548,218,66,33,658.7952233524989
1549,218,66,66,630.2627156125608
1550,218,66,89,667.0358738443845
1551,218,66,124,710.7965854305808
1552,218,66,149,784.7480868757465
1553,218,66,170,850.1619325723387
1554,218,66,188,923.8842170487738
1555,218,66,203,999.4124933640064
1556,218,66,218,1088.0906034330208
1557,218,66,231,1150.7768536542205
1558,218,66,243,1263.0662360072565
1559,218,66,255,1334.9946902654867
1560,218,89,0,642.5193507010482
1561,218,89,33,642.0098190985891
1562,218,89,66,654.7191508182219
1563,218,89,89,681.2738853503184
1564,218,89,124,742.239136206744
1565,218,89,149,805.7120106171201
1566,218,89,170,867.3378749004688
1567,218,89,188,942.2906436629064
1568,218,89,203,1013.2177144626819
1569,218,89,218,1094.6675514266756
1570,218,89,231,1188.4905326490887
1571,218,89,243,1251.342860935357
1572,218,89,255,1346.533250686266
1573,218,124,0,696.3589698203381
1574,218,124,33,669.5837572433318
1575,218,124,66,675.8182542140424
1576,218,124,89,706.2420382165604
1577,218,124,124,756.6878980891719
1578,218,124,149,822.420382165605
1579,218,124,170,895.2470255208103
1580,218,124,188,962.2084586798796
1581,218,124,203,1038.1913905233816
1582,218,124,218,1112.0930849887184
1583,218,124,231,1178.3497765783302
1584,218,124,243,1315.0568558913324
1585,218,124,255,1361.3804088133795
1586,218,149,0,776.1196142617003
1587,218,149,33,717.9935418233291
1588,218,149,66,712.7349973446627
1589,218,149,89,760.2211508691229
1590,218,149,124,812.8467153284671
1591,218,149,149,862.3563243817192
1592,218,149,170,930.0597213005972
1593,218,149,188,1000.8971466489716
1594,218,149,203,1053.9910631332123
1595,218,149,218,1138.5453901964256
1596,218,149,231,1252.3068754977435
1597,218,149,243,1314.0955752212392
1598,218,149,255,1389.149482255067
1599,218,170,0,831.1563301778289
1600,218,170,33,750.6064493298535
1601,218,170,66,769.8681999115436
1602,218,170,89,794.3949044585986
1603,218,170,124,854.4844973240745
1604,218,170,149,900.5016589250165
1605,218,170,170,964.7140013271401
1606,218,170,188,1034.6237225147104
1607,218,170,203,1091.1484692974695
1608,218,170,218,1195.2745453740986
1609,218,170,231,1257.9691164107783
1610,218,170,243,1339.131819992035
1611,218,170,255,1423.751493428913
1612,218,188,0,838.8374253483743
1613,218,188,33,807.4551971326165
1614,218,188,66,818.4525547445255
1615,218,188,89,841.3855341738553
1616,218,188,124,889.2506414226311
1617,218,188,149,947.3449526674334
1618,218,188,170,1007.9872600194637
1619,218,188,188,1066.987951807229
1620,218,188,203,1145.2214307835243
1621,218,188,218,1223.7101269742955
1622,218,188,231,1302.8814159292037
1623,218,188,243,1377.3026548672567
1624,218,188,255,1436.8780142471574
1625,218,203,0,877.5686794956868
1626,218,203,33,837.855246858963
1627,218,203,66,870.4339747843397
1628,218,203,89,877.0202601079359
1629,218,203,124,930.487017295528
1630,218,203,149,980.0132784490771
1631,218,203,170,1041.7129711555476
1632,218,203,188,1115.151086139008
1633,218,203,203,1159.0337138306345
1634,218,203,218,1249.6478499380642
1635,218,203,231,1332.4460176991151
1636,218,203,243,1400.8744136649264
1637,218,203,255,1492.9463298084156
1638,218,218,0,943.3516191824456
1639,218,218,33,941.2297620100858
1640,218,218,66,924.9225869238254
1641,218,218,89,925.0453479626598
1642,218,218,124,969.7673184110413
1643,218,218,149,1035.688877090523
1644,218,218,170,1104.3992213767476
1645,218,218,188,1167.1887443589064
1646,218,218,203,1222.1811263991503
1647,218,218,218,1295.630475179188
1648,218,218,231,1371.7562724014335
1649,218,218,243,1428.7858407079648
1650,218,218,255,1535.1839553725595
1651,218,231,0,993.85037384418
1652,218,231,33,966.6277217206584
1653,218,231,66,965.6478082009997
1654,218,231,89,991.7408046740142
1655,218,231,124,1035.505617977528
1656,218,231,149,1084.57107463611
1657,218,231,170,1143.1321889930985
1658,218,231,188,1212.953459564679
1659,218,231,203,1272.6944518184234
1660,218,231,218,1351.7561169859741
1661,218,231,231,1425.0915848155032
1662,218,231,243,1488.8686341312332
1663,218,231,255,1580.7566706491439
1664,218,243,0,1045.280481330738
1665,218,243,33,1017.2050431320505
1666,218,243,66,1026.3782349037824
1667,218,243,89,1041.2033268448063
1668,218,243,124,1101.2926343729264
1669,218,243,149,1143.743031590125
1670,218,243,170,1199.1930631746595
1671,218,243,188,1262.5006636580833
1672,218,243,203,1324.2902654867257
1673,218,243,218,1409.030887689176
1674,218,243,231,1455.8661887694147
1675,218,243,243,1560.8070796460179
1676,218,243,255,1623.5044247787612
1677,218,255,0,1111.6325988850544
1678,218,255,33,1075.3019243530193
1679,218,255,66,1086.052026190055
1680,218,255,89,1114.0331785003316
1681,218,255,124,1155.0073005619222
1682,218,255,149,1208.3666607680057
1683,218,255,170,1252.1960714917716
1684,218,255,188,1323.0709288940052
1685,218,255,203,1374.0993184031156
1686,218,255,218,1506.5752333761004
1687,218,255,231,1517.6139481370035
1688,218,255,243,1607.8449420302684
1689,218,255,255,1673.6065138507834
1690,231,0,0,688.377194922376
1691,231,0,33,672.0721836436817
1692,231,0,66,688.8257927557385
1693,231,0,89,705.6700574966828
1694,231,0,124,758.1494913754975
1695,231,0,149,843.2748020699722
1696,231,0,170,928.9006903876792
1697,231,0,188,960.5095541401273
1698,231,0,203,1051.3031938423428
1699,231,0,218,1130.2814657461497
1700,231,0,231,1208.5270563249414
1701,231,0,243,1305.7087241196248
1702,231,0,255,1362.9697800982258
1703,231,33,0,696.56050955414
1704,231,33,33,679.2056260781105
1705,231,33,66,681.2437524879473
1706,231,33,89,730.6683179264894
1707,231,33,124,799.4550842584811
1708,231,33,149,847.8980891719744
1709,231,33,170,894.2721841115291
1710,231,33,188,960.6795257476554
1711,231,33,203,1046.299769952221
1712,231,33,218,1125.7544790975446
1713,231,33,231,1206.3280835250398
1714,231,33,243,1287.0226981107032
1715,231,33,255,1372.2660294703305
1716,231,66,0,705.1605484298983
1717,231,66,33,686.8486001149985
1718,231,66,66,720.5095541401273
1719,231,66,89,746.4307828394515
1720,231,66,124,772.0428204901352
1721,231,66,149,849.464325209006
1722,231,66,170,901.4411465475295
1723,231,66,188,970.3627676517431
1724,231,66,203,1048.7551977351145
1725,231,66,218,1126.3139267386305
1726,231,66,231,1205.4154499601805
1727,231,66,243,1300.6698225899215
1728,231,66,255,1403.1128611246293
1729,231,89,0,713.9485092453331
1730,231,89,33,704.1726745986113
1731,231,89,66,712.8662420382165
1732,231,89,89,736.2731655535406
1733,231,89,124,788.754920606838
1734,231,89,149,856.8258041679571
1735,231,89,170,922.8433670986861
1736,231,89,188,991.7678287028845
1737,231,89,203,1053.8511899495709
1738,231,89,218,1146.1900548575475
1739,231,89,231,1219.1770639766394
1740,231,89,243,1294.1586655457725
1741,231,89,255,1377.1807804619061
1742,231,124,0,756.6209641751437
1743,231,124,33,728.0884564352056
1744,231,124,66,743.4394904458597
1745,231,124,89,765.8259984961742
1746,231,124,124,807.2408759124088
1747,231,124,149,889.1719745222929
1748,231,124,170,945.732484076433
1749,231,124,188,1000.3432716977794
1750,231,124,203,1081.4652273933818
1751,231,124,218,1162.9568679495687
1752,231,124,231,1288.5518339896464
1753,231,124,243,1323.7219592053448
1754,231,124,255,1404.7040084948235
1755,231,149,0,789.3342769938515
1756,231,149,33,766.3355300986333
1757,231,149,66,786.6819991154356
1758,231,149,89,806.624203821656
1759,231,149,124,861.6941655239527
1760,231,149,149,924.617494801115
1761,231,149,170,970.3627676517431
1762,231,149,188,1049.6815286624203
1763,231,149,203,1121.7271279419572
1764,231,149,218,1194.6591160465425
1765,231,149,231,1272.638145378932
1766,231,149,243,1339.4045038269255
1767,231,149,255,1431.780894650679
1768,231,170,0,839.309917720959
1769,231,170,33,815.2866242038216
1770,231,170,66,819.4355480845793
1771,231,170,89,846.9539060426436
1772,231,170,124,893.2088991109736
1773,231,170,149,952.992700729927
1774,231,170,170,1003.9548772395488
1775,231,170,188,1069.2337639355867
1776,231,170,203,1146.7504313586692
1777,231,170,218,1226.822405096894
1778,231,170,231,1299.7079904433238
1779,231,170,243,1381.4820717131472
1780,231,170,255,1449.6208132383524
1781,231,188,0,884.6251161144778
1782,231,188,33,858.6746881358931
1783,231,188,66,865.7707789622683
1784,231,188,89,890.4667935047122
1785,231,188,124,945.3065557816508
1786,231,188,149,993.2088825975403
1787,231,188,170,1057.4183844996903
1788,231,188,188,1132.9393027782694
1789,231,188,203,1180.8981108702383
1790,231,188,218,1259.4425272099813
1791,231,188,231,1334.876559596496
1792,231,188,243,1414.0035398230089
1793,231,188,255,1489.953982300885
1794,231,203,0,940.2105635671944
1795,231,203,33,931.0377775811731
1796,231,203,66,948.3641511103247
1797,231,203,89,933.1174518911745
1798,231,203,124,982.3769295413332
1799,231,203,149,1042.2226154662892
1800,231,203,170,1101.7535167654605
1801,231,203,188,1156.43410166792
1802,231,203,203,1222.289279235432
1803,231,203,218,1310.5274336283185
1804,231,203,231,1376.671091053889
1805,231,203,243,1448.6013893190568
1806,231,203,255,1535.8300884955754
1807,231,218,0,984.0796284007962
1808,231,218,33,966.2856131658114
1809,231,218,66,969.8531233410016
1810,231,218,89,986.4968152866242
1811,231,218,124,1034.9960187560825
1812,231,218,149,1080.3981420039813
1813,231,218,170,1140.684895142023
1814,231,218,188,1189.6150783116539
1815,231,218,203,1266.5781789222192
1816,231,218,218,1341.621238938053
1817,231,218,231,1424.2612504978097
1818,231,218,243,1495.8722293500862
1819,231,218,255,1569.6809310970484
1820,231,231,0,1044.2149966821498
1821,231,231,33,1014.6120498982569
1822,231,231,66,1018.733908427339
1823,231,231,89,1051.952395699686
1824,231,231,124,1079.8885202388853
1825,231,231,149,1154.3954342343936
1826,231,231,170,1198.683418863918
1827,231,231,188,1250.2681178656755
1828,231,231,203,1307.920888456263
1829,231,231,218,1390.9423944783648
1830,231,231,231,1468.989867704969
1831,231,231,243,1534.9464554385343
1832,231,231,255,1623.210160640793
1833,231,243,0,1107.9667315519378
1834,231,243,33,1063.6747334424635
1835,231,243,66,1092.7257443702163
1836,231,243,89,1105.8588183226377
1837,231,243,124,1146.3421972479093
1838,231,243,149,1204.852453214175
1839,231,243,170,1248.2293602336076
1840,231,243,188,1306.3339527475446
1841,231,243,203,1365.8809471121929
1842,231,243,218,1447.0722534401132
1843,231,243,231,1492.1249668112223
1844,231,243,243,1645.4230088495576
1845,231,243,255,1663.4109213204708
1846,231,255,0,1169.2275019909744
1847,231,255,33,1119.6390179163902
1848,231,255,66,1133.9585913997523
1849,231,255,89,1167.1371056939345
1850,231,255,124,1203.8331194974119
1851,231,255,149,1260.4619060260154
1852,231,255,170,1303.573578891447
1853,231,255,188,1366.416847321152
1854,231,255,203,1419.9247621155123
1855,231,255,218,1502.0546854260685
1856,231,255,231,1549.6614894464356
1857,231,255,243,1636.4650174801964
1858,231,255,255,1713.2935085623258
1859,243,0,0,764.8069352912557
1860,243,0,33,731.6226615364203
1861,243,0,66,747.270796460177
1862,243,0,89,774.453781512605
1863,243,0,124,818.3801477418499
1864,243,0,149,911.6326801433185
1865,243,0,170,962.6329293108024
1866,243,0,188,1021.4627671341976
1867,243,0,203,1091.5615323365478
1868,243,0,218,1177.735899137359
1869,243,0,231,1270.1460047783385
1870,243,0,243,1338.5036060351313
1871,243,0,255,1432.290606610327
1872,243,33,0,825.7333746294412
1873,243,33,33,737.1087216248507
1874,243,33,66,752.5781768322349
1875,243,33,89,769.3246649860688
1876,243,33,124,821.3649431642267
1877,243,33,149,900.5414970801628
1878,243,33,170,949.3413544477373
1879,243,33,188,1015.1665560716656
1880,243,33,203,1097.2642010263671
1881,243,33,218,1171.2144405609874
1882,243,33,231,1245.1161350263237
1883,243,33,243,1341.561877793018
1884,243,33,255,1416.1678024603948
1885,243,66,0,759.3364299933643
1886,243,66,33,738.3112919633775
1887,243,66,66,755.0170376598662
1888,243,66,89,781.6560509554139
1889,243,66,124,834.6569885810391
1890,243,66,149,909.0043787872087
1891,243,66,170,968.5767359575409
1892,243,66,188,1033.9310832927854
1893,243,66,203,1107.5844362799344
1894,243,66,218,1181.760594532425
1895,243,66,231,1261.8793133958593
1896,243,66,243,1348.1284842049376
1897,243,66,255,1415.8545325841703
1898,243,89,0,777.1044366789047
1899,243,89,33,764.3988321684508
1900,243,89,66,770.9895165214315
1901,243,89,89,795.8531623175585
1902,243,89,124,848.4076433121019
1903,243,89,149,906.536913345424
1904,243,89,170,973.3775713337757
1905,243,89,188,1039.0728125276473
1906,243,89,203,1118.8030631667477
1907,243,89,218,1183.8513603185136
1908,243,89,231,1249.6478499380642
1909,243,89,243,1346.1492854298483
1910,243,89,255,1430.888092393469
1911,243,124,0,814.7770700636942
1912,243,124,33,793.3757961783439
1913,243,124,66,807.6433121019107
1914,243,124,89,822.9663378599549
1915,243,124,124,874.904458598726
1916,243,124,149,952.4409448818897
1917,243,124,170,1002.4703592284552
1918,243,124,188,1067.1951866926208
1919,243,124,203,1126.7737226277372
1920,243,124,218,1217.378688016986
1921,243,124,231,1289.514202282984
1922,243,124,243,1368.4555147546785
1923,243,124,255,1457.014647962119
1924,243,149,0,858.5607501437481
1925,243,149,33,883.5668789808916
1926,243,149,66,854.050515327111
1927,243,149,89,862.2418826860126
1928,243,149,124,911.3246615343775
1929,243,149,149,970.8724119624845
1930,243,149,170,1041.1572660915726
1931,243,149,188,1108.4273390842734
1932,243,149,203,1164.4342210032735
1933,243,149,218,1244.6615343774888
1934,243,149,231,1322.6440138040882
1935,243,149,243,1417.4462436952483
1936,243,149,255,1464.0308087291398
1937,243,170,0,893.7579617834393
1938,243,170,33,880.6264100862641
1939,243,170,66,881.5676560357412
1940,243,170,89,932.0157473348962
1941,243,170,124,958.4713375796177
1942,243,170,149,998.3048748119967
1943,243,170,170,1067.657597876576
1944,243,170,188,1139.4134560092007
1945,243,170,203,1212.953459564679
1946,243,170,218,1273.6011325429129
1947,243,170,231,1336.8561695350174
1948,243,170,243,1434.3929203539824
1949,243,170,255,1504.2265486725664
1950,243,188,0,949.3833495532159
1951,243,188,33,920.2954836997391
1952,243,188,66,958.5985401459853
1953,243,188,89,958.980891719745
1954,243,188,124,1005.4392639122356
1955,243,188,149,1058.5780648586472
1956,243,188,170,1110.8771619409915
1957,243,188,188,1185.8898473788984
1958,243,188,203,1224.7294606910586
1959,243,188,218,1304.8626166983763
1960,243,188,231,1375.651712237855
1961,243,188,243,1460.3319612269288
1962,243,188,255,1534.8106194690265
1963,243,203,0,996.3105507631055
1964,243,203,33,957.536937096346
1965,243,203,66,974.1813356921716
1966,243,203,89,989.2633721187452
1967,243,203,124,1032.1210512344041
1968,243,203,149,1090.5905773059058
1969,243,203,170,1143.0816191108163
1970,243,203,188,1270.9966821499668
1971,243,203,203,1271.562555299947
1972,243,203,218,1355.7138432951376
1973,243,203,231,1410.3105919830105
1974,243,203,243,1524.5784092418007
1975,243,203,255,1568.8934117959384
1976,243,218,0,1041.2033268448063
1977,243,218,33,996.2224089883664
1978,243,218,66,1026.8878566688786
1979,243,218,89,1114.9537753793072
1980,243,218,124,1089.6195363652453
1981,243,218,149,1151.0314615690959
1982,243,218,170,1193.5869757565033
1983,243,218,188,1252.1960714917716
1984,243,218,203,1311.4308468277145
1985,243,218,218,1384.4389380530974
1986,243,218,231,1523.019335427636
1987,243,218,243,1507.218264678554
1988,243,218,255,1618.0405345605807
1989,243,231,0,1093.235411228598
1990,243,231,33,1116.4825054186756
1991,243,231,66,1085.9079046313088
1992,243,231,89,1095.5898615473084
1993,243,231,124,1131.5104857977171
1994,243,231,149,1188.59569949562
1995,243,231,170,1243.0774675927973
1996,243,231,188,1299.765497101898
1997,243,231,203,1367.4710100026555
1998,243,231,218,1494.852895633323
1999,243,231,231,1505.7557522123896
2000,243,231,243,1593.343365495264
2001,243,231,255,1657.7299880525686
2002,243,243,0,1149.2987656505773
2003,243,243,33,1125.18321826872
2004,243,243,66,1140.9926568167743
2005,243,243,89,1143.5912408759123
2006,243,243,124,1194.0966200672447
2007,243,243,149,1240.8192152873003
2008,243,243,170,1320.0955667640033
2009,243,243,188,1352.2059994690735
2010,243,243,203,1402.5411431605025
2011,243,243,218,1480.1380408813382
2012,243,243,231,1549.6614894464356
2013,243,243,243,1612.9427382954245
2014,243,243,255,1699.5300677021105
2015,243,255,0,1197.3133932126898
2016,243,255,33,1249.7031367517586
2017,243,255,66,1199.7027074854009
2018,243,255,89,1211.4245266324547
2019,243,255,124,1239.0549508893018
2020,243,255,149,1368.0063711176003
2021,243,255,170,1377.3026548672567
2022,243,255,188,1400.2407079646018
2023,243,255,203,1508.8141592920354
2024,243,255,218,1540.4176991150441
2025,243,255,231,1602.6053097345134
2026,243,255,243,1680.5946902654866
2027,243,255,255,1749.795972560301
2028,255,0,0,818.8535031847133
2029,255,0,33,802.4412896377869
2030,255,0,66,815.1736956233127
2031,255,0,89,836.1043785935426
2032,255,0,124,874.904458598726
2033,255,0,149,961.0616180828947
2034,255,0,170,1004.8852125447869
2035,255,0,188,1074.1876409961517
2036,255,0,203,1156.4852667905495
2037,255,0,218,1224.6211015262109
2038,255,0,231,1317.110481586402
2039,255,0,243,1384.316432174144
2040,255,0,255,1472.1132743362832
2041,255,33,0,825.514221258902
2042,255,33,33,794.2015133412983
2043,255,33,66,818.7448586970944
2044,255,33,89,874.8657614224425
2045,255,33,124,895.2866242038216
2046,255,33,149,948.3222010881585
2047,255,33,170,1013.6376907763769
2048,255,33,188,1100.7830126078302
2049,255,33,203,1145.731097641906
2050,255,33,218,1213.4631038754203
2051,255,33,231,1308.8244923240277
2052,255,33,243,1389.861522806707
2053,255,33,255,1460.7052161217537
2054,255,66,0,819.3993011014288
2055,255,66,33,810.6289252543122
2056,255,66,66,817.2163990977843
2057,255,66,89,841.2738853503184
2058,255,66,124,896.2660887257288
2059,255,66,149,958.0465363177917
2060,255,66,170,1011.0895819508959
2061,255,66,188,1089.9570739478693
2062,255,66,203,1150.1654428027957
2063,255,66,218,1286.7949568679496
2064,255,66,231,1301.0643662906436
2065,255,66,243,1383.29705335811
2066,255,66,255,1481.2229547365162
2067,255,89,0,838.6890176478395
2068,255,89,33,866.2420382165604
2069,255,89,66,841.8206750121644
2070,255,89,89,887.1337579617834
2071,255,89,124,911.6326801433185
2072,255,89,149,993.6305732484076
2073,255,89,170,1049.7279603662582
2074,255,89,188,1117.6994204309162
2075,255,89,203,1160.3574272317082
2076,255,89,218,1237.4711321505993
2077,255,89,231,1317.0957037299236
2078,255,89,243,1407.6375862679174
2079,255,89,255,1475.0411468011682
2080,255,124,0,860.1273885350317
2081,255,124,33,855.6170928072194
2082,255,124,66,870.2799770003097
2083,255,124,89,911.6326801433185
2084,255,124,124,1009.8916360741299
2085,255,124,149,989.7292514599186
2086,255,124,170,1056.352457203521
2087,255,124,188,1185.4326667846399
2088,255,124,203,1184.9230224738985
2089,255,124,218,1313.9792938677995
2090,255,124,231,1411.1426675514267
2091,255,124,243,1418.4656225112824
2092,255,124,255,1489.378346090881
2093,255,149,0,986.962713963466
2094,255,149,33,891.6803043035959
2095,255,149,66,905.0081833060556
2096,255,149,89,987.5596054319459
2097,255,149,124,978.8968018755253
2098,255,149,149,1102.7239350643606
2099,255,149,170,1164.943820224719
2100,255,149,188,1158.5752842794568
2101,255,149,203,1276.431700517722
2102,255,149,218,1290.476485422289
2103,255,149,231,1436.7508737778169
2104,255,149,243,1431.0115542963388
2105,255,149,255,1587.8230088495575
2106,255,170,0,1036.387279402008
2107,255,170,33,946.20018576673
2108,255,170,66,1009.4267515923565
2109,255,170,89,958.5561355392374
2110,255,170,124,1013.6376907763769
2111,255,170,149,1125.2448573324484
2112,255,170,170,1124.784993806406
2113,255,170,188,1193.0245520902456
2114,255,170,203,1246.080339762874
2115,255,170,218,1396.0392885585347
2116,255,170,231,1392.4714627024157
2117,255,170,243,1496.0046015663024
2118,255,170,255,1626.49086323614
2119,255,188,0,1000.8528709192249
2120,255,188,33,976.3921082898345
2121,255,188,66,984.0796284007962
2122,255,188,89,1069.5068335618557
2123,255,188,124,1115.6113962130596
2124,255,188,149,1101.3413555122988
2125,255,188,170,1165.0468943549815
2126,255,188,188,1224.273958056809
2127,255,188,203,1294.6110963631538
2128,255,188,218,1430.1252046188558
2129,255,188,231,1426.1109636315373
2130,255,188,243,1503.8498982210815
2131,255,188,255,1581.566233076719
2132,255,203,0,1118.0606918517205
2133,255,203,33,1023.7848358842784
2134,255,203,66,1100.2247191011236
2135,255,203,89,1108.3783066442536
2136,255,203,124,1100.2733908427338
2137,255,203,149,1219.5788356043179
2138,255,203,170,1276.092899800929
2139,255,203,188,1278.1313868613138
2140,255,203,203,1326.2118396602073
2141,255,203,218,1450.9573526809413
2142,255,203,231,1537.1552448789982
2143,255,203,243,1532.8395061728395
2144,255,203,255,1609.0894611096364
2145,255,218,0,1094.1579296615794
2146,255,218,33,1069.8380674276614
2147,255,218,66,1156.331785003318
2148,255,218,89,1165.201539754878
2149,255,218,124,1213.3557462620543
2150,255,218,149,1275.0736562707366
2151,255,218,170,1262.3889577066006
2152,255,218,188,1369.9845153298234
2153,255,218,203,1436.814441199894
2154,255,218,218,1500.0822972434848
2155,255,218,231,1508.8141592920354
2156,255,218,243,1589.8619469026548
2157,255,218,255,1725.0942561288612
2158,255,231,0,1202.7605733498497
2159,255,231,33,1124.834756448259
2160,255,231,66,1131.9700924656017
2161,255,231,89,1148.3302362622778
2162,255,231,124,1211.4245266324547
2163,255,231,149,1250.7224704685218
2164,255,231,170,1300.1026367014688
2165,255,231,188,1354.1249336400638
2166,255,231,203,1414.3881072471463
2167,255,231,218,1548.4364215556145
2168,255,231,231,1550.612389380531
2169,255,231,243,1698.4353982300886
2170,255,231,255,1697.4910394265232
2171,255,243,0,1281.1328937469575
2172,255,243,33,1182.779792975316
2173,255,243,66,1259.2753815527537
2174,255,243,89,1276.715480245985
2175,255,243,124,1243.477106834771
2176,255,243,149,1296.025482215537
2177,255,243,170,1344.1699115044248
2178,255,243,188,1465.8667374568624
2179,255,243,203,1526.5197770108841
2180,255,243,218,1519.4513517101013
2181,255,243,231,1625.3212958045672
2182,255,243,243,1673.2362960668936
2183,255,243,255,1738.7813620071684
2184,255,255,0,1272.1284785205503
2185,255,255,33,1319.6600566572235
2186,255,255,66,1261.1464968152866
2187,255,255,89,1269.1266259623044
2188,255,255,124,1300.6204912591281
2189,255,255,149,1425.6643511349057
2190,255,255,170,1400.1168038226706
2191,255,255,188,1459.6858824049903
2192,255,255,203,1578.4382604079103
2193,255,255,218,1644.3307818238131
2194,255,255,231,1738.6274943586568
2195,255,255,243,1794.1192615874982
2196,255,255,255,1867.0749081899032
